timestamp	stage	record	error
2026-04-30T16:10:07+00:00	search	"""antibody drug conjugate"""	URLError(gaierror(8, 'nodename nor servname provided, or not known'))
2026-04-30T16:10:07+00:00	search	"""antibody-drug conjugate"""	URLError(gaierror(8, 'nodename nor servname provided, or not known'))
2026-04-30T16:19:21+00:00	search	"""auristatin antibody drug conjugate"" page=0"	<HTTPError 503: 'Service Unavailable'>
2026-04-30T16:19:21+00:00	search	"""auristatin antibody drug conjugate"" page=1"	<HTTPError 503: 'Service Unavailable'>
2026-04-30T16:19:22+00:00	search	"""auristatin antibody drug conjugate"" page=2"	<HTTPError 503: 'Service Unavailable'>
2026-04-30T16:19:22+00:00	search	"""auristatin antibody drug conjugate"" page=3"	<HTTPError 503: 'Service Unavailable'>
2026-04-30T16:19:23+00:00	search	"""auristatin antibody drug conjugate"" page=4"	<HTTPError 503: 'Service Unavailable'>
2026-04-30T16:19:23+00:00	search	"""maytansinoid antibody drug conjugate"" page=0"	<HTTPError 503: 'Service Unavailable'>
2026-04-30T16:19:24+00:00	search	"""maytansinoid antibody drug conjugate"" page=1"	<HTTPError 503: 'Service Unavailable'>
2026-04-30T16:19:24+00:00	search	"""maytansinoid antibody drug conjugate"" page=2"	<HTTPError 503: 'Service Unavailable'>
2026-04-30T16:19:24+00:00	search	"""maytansinoid antibody drug conjugate"" page=3"	<HTTPError 503: 'Service Unavailable'>
2026-04-30T16:19:24+00:00	search	"""maytansinoid antibody drug conjugate"" page=4"	<HTTPError 503: 'Service Unavailable'>
2026-04-30T16:19:25+00:00	search	"""DXd antibody drug conjugate"" page=0"	<HTTPError 503: 'Service Unavailable'>
2026-04-30T16:19:25+00:00	search	"""DXd antibody drug conjugate"" page=1"	<HTTPError 503: 'Service Unavailable'>
2026-04-30T16:19:26+00:00	search	"""DXd antibody drug conjugate"" page=2"	<HTTPError 503: 'Service Unavailable'>
2026-04-30T16:19:26+00:00	search	"""DXd antibody drug conjugate"" page=3"	<HTTPError 503: 'Service Unavailable'>
2026-04-30T16:19:26+00:00	search	"""DXd antibody drug conjugate"" page=4"	<HTTPError 503: 'Service Unavailable'>
2026-04-30T16:19:27+00:00	search	"""exatecan antibody drug conjugate"" page=0"	<HTTPError 503: 'Service Unavailable'>
2026-04-30T16:19:27+00:00	search	"""exatecan antibody drug conjugate"" page=1"	<HTTPError 503: 'Service Unavailable'>
2026-04-30T16:19:28+00:00	search	"""exatecan antibody drug conjugate"" page=2"	<HTTPError 503: 'Service Unavailable'>
2026-04-30T16:19:28+00:00	search	"""exatecan antibody drug conjugate"" page=3"	<HTTPError 503: 'Service Unavailable'>
2026-04-30T16:19:28+00:00	search	"""exatecan antibody drug conjugate"" page=4"	<HTTPError 503: 'Service Unavailable'>
2026-04-30T16:19:29+00:00	search	"""PBD antibody drug conjugate"" page=0"	<HTTPError 503: 'Service Unavailable'>
2026-04-30T16:19:29+00:00	search	"""PBD antibody drug conjugate"" page=1"	<HTTPError 503: 'Service Unavailable'>
2026-04-30T16:19:29+00:00	search	"""PBD antibody drug conjugate"" page=2"	<HTTPError 503: 'Service Unavailable'>
2026-04-30T16:19:30+00:00	search	"""PBD antibody drug conjugate"" page=3"	<HTTPError 503: 'Service Unavailable'>
2026-04-30T16:19:30+00:00	search	"""PBD antibody drug conjugate"" page=4"	<HTTPError 503: 'Service Unavailable'>
2026-04-30T16:19:31+00:00	search	"""site specific antibody drug conjugate patent"" page=0"	<HTTPError 503: 'Service Unavailable'>
2026-04-30T16:19:31+00:00	search	"""site specific antibody drug conjugate patent"" page=1"	<HTTPError 503: 'Service Unavailable'>
2026-04-30T16:19:32+00:00	search	"""site specific antibody drug conjugate patent"" page=2"	<HTTPError 503: 'Service Unavailable'>
2026-04-30T16:19:32+00:00	search	"""site specific antibody drug conjugate patent"" page=3"	<HTTPError 503: 'Service Unavailable'>
2026-04-30T16:19:32+00:00	search	"""site specific antibody drug conjugate patent"" page=4"	<HTTPError 503: 'Service Unavailable'>
2026-04-30T16:19:33+00:00	search	"""DAR antibody drug conjugate"" page=0"	<HTTPError 503: 'Service Unavailable'>
2026-04-30T16:19:33+00:00	search	"""DAR antibody drug conjugate"" page=1"	<HTTPError 503: 'Service Unavailable'>
2026-04-30T16:19:33+00:00	search	"""DAR antibody drug conjugate"" page=2"	<HTTPError 503: 'Service Unavailable'>
2026-04-30T16:19:34+00:00	search	"""DAR antibody drug conjugate"" page=3"	<HTTPError 503: 'Service Unavailable'>
2026-04-30T16:19:34+00:00	search	"""DAR antibody drug conjugate"" page=4"	<HTTPError 503: 'Service Unavailable'>
2026-04-30T16:19:35+00:00	search	"""drug antibody ratio patent"" page=0"	<HTTPError 503: 'Service Unavailable'>
2026-04-30T16:19:35+00:00	search	"""drug antibody ratio patent"" page=1"	<HTTPError 503: 'Service Unavailable'>
2026-04-30T16:19:35+00:00	search	"""drug antibody ratio patent"" page=2"	<HTTPError 503: 'Service Unavailable'>
2026-04-30T16:19:36+00:00	search	"""drug antibody ratio patent"" page=3"	<HTTPError 503: 'Service Unavailable'>
2026-04-30T16:19:36+00:00	search	"""drug antibody ratio patent"" page=4"	<HTTPError 503: 'Service Unavailable'>
2026-04-30T16:19:37+00:00	search	"""homogeneous antibody drug conjugate"" page=0"	<HTTPError 503: 'Service Unavailable'>
2026-04-30T16:19:37+00:00	search	"""homogeneous antibody drug conjugate"" page=1"	<HTTPError 503: 'Service Unavailable'>
2026-04-30T16:19:37+00:00	search	"""homogeneous antibody drug conjugate"" page=2"	<HTTPError 503: 'Service Unavailable'>
2026-04-30T16:19:38+00:00	search	"""homogeneous antibody drug conjugate"" page=3"	<HTTPError 503: 'Service Unavailable'>
2026-04-30T16:19:38+00:00	search	"""homogeneous antibody drug conjugate"" page=4"	<HTTPError 503: 'Service Unavailable'>
2026-04-30T16:19:39+00:00	search	"""engineered cysteine ADC"" page=0"	<HTTPError 503: 'Service Unavailable'>
2026-04-30T16:19:39+00:00	search	"""engineered cysteine ADC"" page=1"	<HTTPError 503: 'Service Unavailable'>
2026-04-30T16:19:39+00:00	search	"""engineered cysteine ADC"" page=2"	<HTTPError 503: 'Service Unavailable'>
2026-04-30T16:19:40+00:00	search	"""engineered cysteine ADC"" page=3"	<HTTPError 503: 'Service Unavailable'>
2026-04-30T16:19:40+00:00	search	"""engineered cysteine ADC"" page=4"	<HTTPError 503: 'Service Unavailable'>
2026-04-30T16:19:41+00:00	search	"""ADC manufacturing process patent"" page=0"	<HTTPError 503: 'Service Unavailable'>
2026-04-30T16:19:41+00:00	search	"""ADC manufacturing process patent"" page=1"	<HTTPError 503: 'Service Unavailable'>
2026-04-30T16:19:42+00:00	search	"""ADC manufacturing process patent"" page=2"	<HTTPError 503: 'Service Unavailable'>
2026-04-30T16:19:42+00:00	search	"""ADC manufacturing process patent"" page=3"	<HTTPError 503: 'Service Unavailable'>
2026-04-30T16:19:42+00:00	search	"""ADC manufacturing process patent"" page=4"	<HTTPError 503: 'Service Unavailable'>
2026-04-30T16:19:43+00:00	search	"""antibody drug conjugate cancer"" page=0"	<HTTPError 503: 'Service Unavailable'>
2026-04-30T16:19:43+00:00	search	"""antibody drug conjugate cancer"" page=1"	<HTTPError 503: 'Service Unavailable'>
2026-04-30T16:19:43+00:00	search	"""antibody drug conjugate cancer"" page=2"	<HTTPError 503: 'Service Unavailable'>
2026-04-30T16:19:44+00:00	search	"""antibody drug conjugate cancer"" page=3"	<HTTPError 503: 'Service Unavailable'>
2026-04-30T16:19:44+00:00	search	"""antibody drug conjugate cancer"" page=4"	<HTTPError 503: 'Service Unavailable'>
2026-04-30T16:19:44+00:00	search	"""antibody drug conjugate linker payload"" page=0"	<HTTPError 503: 'Service Unavailable'>
2026-04-30T16:19:45+00:00	search	"""antibody drug conjugate linker payload"" page=1"	<HTTPError 503: 'Service Unavailable'>
2026-04-30T16:19:45+00:00	search	"""antibody drug conjugate linker payload"" page=2"	<HTTPError 503: 'Service Unavailable'>
2026-04-30T16:19:46+00:00	search	"""antibody drug conjugate linker payload"" page=3"	<HTTPError 503: 'Service Unavailable'>
2026-04-30T16:19:46+00:00	search	"""antibody drug conjugate linker payload"" page=4"	<HTTPError 503: 'Service Unavailable'>
2026-04-30T16:19:47+00:00	search	"""bispecific antibody drug conjugate"" page=0"	<HTTPError 503: 'Service Unavailable'>
2026-04-30T16:19:47+00:00	search	"""bispecific antibody drug conjugate"" page=1"	<HTTPError 503: 'Service Unavailable'>
2026-04-30T16:19:47+00:00	search	"""bispecific antibody drug conjugate"" page=2"	<HTTPError 503: 'Service Unavailable'>
2026-04-30T16:19:48+00:00	search	"""bispecific antibody drug conjugate"" page=3"	<HTTPError 503: 'Service Unavailable'>
2026-04-30T16:19:48+00:00	search	"""bispecific antibody drug conjugate"" page=4"	<HTTPError 503: 'Service Unavailable'>
2026-04-30T16:19:49+00:00	search	"""dual payload antibody drug conjugate"" page=0"	<HTTPError 503: 'Service Unavailable'>
2026-04-30T16:19:49+00:00	search	"""dual payload antibody drug conjugate"" page=1"	<HTTPError 503: 'Service Unavailable'>
2026-04-30T16:19:50+00:00	search	"""dual payload antibody drug conjugate"" page=2"	<HTTPError 503: 'Service Unavailable'>
2026-04-30T16:19:50+00:00	search	"""dual payload antibody drug conjugate"" page=3"	<HTTPError 503: 'Service Unavailable'>
2026-04-30T16:19:51+00:00	search	"""dual payload antibody drug conjugate"" page=4"	<HTTPError 503: 'Service Unavailable'>
2026-04-30T16:19:51+00:00	search	"""masked antibody drug conjugate"" page=0"	<HTTPError 503: 'Service Unavailable'>
2026-04-30T16:19:51+00:00	search	"""masked antibody drug conjugate"" page=1"	<HTTPError 503: 'Service Unavailable'>
2026-04-30T16:19:52+00:00	search	"""masked antibody drug conjugate"" page=2"	<HTTPError 503: 'Service Unavailable'>
2026-04-30T16:19:52+00:00	search	"""masked antibody drug conjugate"" page=3"	<HTTPError 503: 'Service Unavailable'>
2026-04-30T16:19:52+00:00	search	"""masked antibody drug conjugate"" page=4"	<HTTPError 503: 'Service Unavailable'>
2026-04-30T16:19:53+00:00	search	"""antibody drug conjugate combination therapy"" page=0"	<HTTPError 503: 'Service Unavailable'>
2026-04-30T16:19:53+00:00	search	"""antibody drug conjugate combination therapy"" page=1"	<HTTPError 503: 'Service Unavailable'>
2026-04-30T16:19:54+00:00	search	"""antibody drug conjugate combination therapy"" page=2"	<HTTPError 503: 'Service Unavailable'>
2026-04-30T16:19:54+00:00	search	"""antibody drug conjugate combination therapy"" page=3"	<HTTPError 503: 'Service Unavailable'>
2026-04-30T16:19:55+00:00	search	"""antibody drug conjugate combination therapy"" page=4"	<HTTPError 503: 'Service Unavailable'>
2026-04-30T16:19:55+00:00	search	"""antibody drug conjugate dosing regimen"" page=0"	<HTTPError 503: 'Service Unavailable'>
2026-04-30T16:19:56+00:00	search	"""antibody drug conjugate dosing regimen"" page=1"	<HTTPError 503: 'Service Unavailable'>
2026-04-30T16:19:56+00:00	search	"""antibody drug conjugate dosing regimen"" page=2"	<HTTPError 503: 'Service Unavailable'>
2026-04-30T16:19:56+00:00	search	"""antibody drug conjugate dosing regimen"" page=3"	<HTTPError 503: 'Service Unavailable'>
2026-04-30T16:19:57+00:00	search	"""antibody drug conjugate dosing regimen"" page=4"	<HTTPError 503: 'Service Unavailable'>
2026-04-30T16:19:57+00:00	search	"""HER2"" ""antibody drug conjugate"" page=0"	<HTTPError 503: 'Service Unavailable'>
2026-04-30T16:19:57+00:00	search	"""HER2"" ""antibody drug conjugate"" page=1"	<HTTPError 503: 'Service Unavailable'>
2026-04-30T16:19:58+00:00	search	"""HER2"" ""antibody drug conjugate"" page=2"	<HTTPError 503: 'Service Unavailable'>
2026-04-30T16:19:58+00:00	search	"""HER2"" ""antibody drug conjugate"" page=3"	<HTTPError 503: 'Service Unavailable'>
2026-04-30T16:19:59+00:00	search	"""HER2"" ""antibody drug conjugate"" page=4"	<HTTPError 503: 'Service Unavailable'>
2026-04-30T16:19:59+00:00	search	"""HER2"" ADC page=0"	<HTTPError 503: 'Service Unavailable'>
2026-04-30T16:19:59+00:00	search	"""HER2"" ADC page=1"	<HTTPError 503: 'Service Unavailable'>
2026-04-30T16:20:00+00:00	search	"""HER2"" ADC page=2"	<HTTPError 503: 'Service Unavailable'>
2026-04-30T16:20:00+00:00	search	"""HER2"" ADC page=3"	<HTTPError 503: 'Service Unavailable'>
2026-04-30T16:20:01+00:00	search	"""HER2"" ADC page=4"	<HTTPError 503: 'Service Unavailable'>
2026-04-30T16:20:01+00:00	search	"""TROP2"" ""antibody drug conjugate"" page=0"	<HTTPError 503: 'Service Unavailable'>
2026-04-30T16:20:01+00:00	search	"""TROP2"" ""antibody drug conjugate"" page=1"	<HTTPError 503: 'Service Unavailable'>
2026-04-30T16:20:02+00:00	search	"""TROP2"" ""antibody drug conjugate"" page=2"	<HTTPError 503: 'Service Unavailable'>
2026-04-30T16:20:02+00:00	search	"""TROP2"" ""antibody drug conjugate"" page=3"	<HTTPError 503: 'Service Unavailable'>
2026-04-30T16:20:02+00:00	search	"""TROP2"" ""antibody drug conjugate"" page=4"	<HTTPError 503: 'Service Unavailable'>
2026-04-30T16:20:03+00:00	search	"""TROP2"" ADC page=0"	<HTTPError 503: 'Service Unavailable'>
2026-04-30T16:20:03+00:00	search	"""TROP2"" ADC page=1"	<HTTPError 503: 'Service Unavailable'>
2026-04-30T16:20:04+00:00	search	"""TROP2"" ADC page=2"	<HTTPError 503: 'Service Unavailable'>
2026-04-30T16:20:04+00:00	search	"""TROP2"" ADC page=3"	<HTTPError 503: 'Service Unavailable'>
2026-04-30T16:20:05+00:00	search	"""TROP2"" ADC page=4"	<HTTPError 503: 'Service Unavailable'>
2026-04-30T16:20:05+00:00	search	"""Nectin-4"" ""antibody drug conjugate"" page=0"	<HTTPError 503: 'Service Unavailable'>
2026-04-30T16:20:06+00:00	search	"""Nectin-4"" ""antibody drug conjugate"" page=1"	<HTTPError 503: 'Service Unavailable'>
2026-04-30T16:20:06+00:00	search	"""Nectin-4"" ""antibody drug conjugate"" page=2"	<HTTPError 503: 'Service Unavailable'>
2026-04-30T16:20:06+00:00	search	"""Nectin-4"" ""antibody drug conjugate"" page=3"	<HTTPError 503: 'Service Unavailable'>
2026-04-30T16:20:07+00:00	search	"""Nectin-4"" ""antibody drug conjugate"" page=4"	<HTTPError 503: 'Service Unavailable'>
2026-04-30T16:20:07+00:00	search	"""Nectin-4"" ADC page=0"	<HTTPError 503: 'Service Unavailable'>
2026-04-30T16:20:08+00:00	search	"""Nectin-4"" ADC page=1"	<HTTPError 503: 'Service Unavailable'>
2026-04-30T16:20:08+00:00	search	"""Nectin-4"" ADC page=2"	<HTTPError 503: 'Service Unavailable'>
2026-04-30T16:20:09+00:00	search	"""Nectin-4"" ADC page=3"	<HTTPError 503: 'Service Unavailable'>
2026-04-30T16:20:09+00:00	search	"""Nectin-4"" ADC page=4"	<HTTPError 503: 'Service Unavailable'>
2026-04-30T16:20:10+00:00	search	"""B7-H3"" ""antibody drug conjugate"" page=0"	<HTTPError 503: 'Service Unavailable'>
2026-04-30T16:20:10+00:00	search	"""B7-H3"" ""antibody drug conjugate"" page=1"	<HTTPError 503: 'Service Unavailable'>
2026-04-30T16:20:10+00:00	search	"""B7-H3"" ""antibody drug conjugate"" page=2"	<HTTPError 503: 'Service Unavailable'>
2026-04-30T16:20:11+00:00	search	"""B7-H3"" ""antibody drug conjugate"" page=3"	<HTTPError 503: 'Service Unavailable'>
2026-04-30T16:20:11+00:00	search	"""B7-H3"" ""antibody drug conjugate"" page=4"	<HTTPError 503: 'Service Unavailable'>
2026-04-30T16:20:12+00:00	search	"""B7-H3"" ADC page=0"	<HTTPError 503: 'Service Unavailable'>
2026-04-30T16:20:12+00:00	search	"""B7-H3"" ADC page=1"	<HTTPError 503: 'Service Unavailable'>
2026-04-30T16:20:13+00:00	search	"""B7-H3"" ADC page=2"	<HTTPError 503: 'Service Unavailable'>
2026-04-30T16:20:13+00:00	search	"""B7-H3"" ADC page=3"	<HTTPError 503: 'Service Unavailable'>
2026-04-30T16:20:13+00:00	search	"""B7-H3"" ADC page=4"	<HTTPError 503: 'Service Unavailable'>
2026-04-30T16:20:14+00:00	search	"""CEACAM5"" ""antibody drug conjugate"" page=0"	<HTTPError 503: 'Service Unavailable'>
2026-04-30T16:20:14+00:00	search	"""CEACAM5"" ""antibody drug conjugate"" page=1"	<HTTPError 503: 'Service Unavailable'>
2026-04-30T16:20:15+00:00	search	"""CEACAM5"" ""antibody drug conjugate"" page=2"	<HTTPError 503: 'Service Unavailable'>
2026-04-30T16:20:15+00:00	search	"""CEACAM5"" ""antibody drug conjugate"" page=3"	<HTTPError 503: 'Service Unavailable'>
2026-04-30T16:20:15+00:00	search	"""CEACAM5"" ""antibody drug conjugate"" page=4"	<HTTPError 503: 'Service Unavailable'>
2026-04-30T16:20:16+00:00	search	"""CEACAM5"" ADC page=0"	<HTTPError 503: 'Service Unavailable'>
2026-04-30T16:20:16+00:00	search	"""CEACAM5"" ADC page=1"	<HTTPError 503: 'Service Unavailable'>
2026-04-30T16:20:17+00:00	search	"""CEACAM5"" ADC page=2"	<HTTPError 503: 'Service Unavailable'>
2026-04-30T16:20:17+00:00	search	"""CEACAM5"" ADC page=3"	<HTTPError 503: 'Service Unavailable'>
2026-04-30T16:20:18+00:00	search	"""CEACAM5"" ADC page=4"	<HTTPError 503: 'Service Unavailable'>
2026-04-30T16:20:18+00:00	search	"""EGFR"" ""antibody drug conjugate"" page=0"	<HTTPError 503: 'Service Unavailable'>
2026-04-30T16:20:19+00:00	search	"""EGFR"" ""antibody drug conjugate"" page=1"	<HTTPError 503: 'Service Unavailable'>
2026-04-30T16:20:19+00:00	search	"""EGFR"" ""antibody drug conjugate"" page=2"	<HTTPError 503: 'Service Unavailable'>
2026-04-30T16:20:20+00:00	search	"""EGFR"" ""antibody drug conjugate"" page=3"	<HTTPError 503: 'Service Unavailable'>
2026-04-30T16:20:20+00:00	search	"""EGFR"" ""antibody drug conjugate"" page=4"	<HTTPError 503: 'Service Unavailable'>
2026-04-30T16:20:20+00:00	search	"""EGFR"" ADC page=0"	<HTTPError 503: 'Service Unavailable'>
2026-04-30T16:20:21+00:00	search	"""EGFR"" ADC page=1"	<HTTPError 503: 'Service Unavailable'>
2026-04-30T16:20:21+00:00	search	"""EGFR"" ADC page=2"	<HTTPError 503: 'Service Unavailable'>
2026-04-30T16:20:22+00:00	search	"""EGFR"" ADC page=3"	<HTTPError 503: 'Service Unavailable'>
2026-04-30T16:20:22+00:00	search	"""EGFR"" ADC page=4"	<HTTPError 503: 'Service Unavailable'>
2026-04-30T16:20:22+00:00	search	"""HER3"" ""antibody drug conjugate"" page=0"	<HTTPError 503: 'Service Unavailable'>
2026-04-30T16:20:23+00:00	search	"""HER3"" ""antibody drug conjugate"" page=1"	<HTTPError 503: 'Service Unavailable'>
2026-04-30T16:20:23+00:00	search	"""HER3"" ""antibody drug conjugate"" page=2"	<HTTPError 503: 'Service Unavailable'>
2026-04-30T16:20:23+00:00	search	"""HER3"" ""antibody drug conjugate"" page=3"	<HTTPError 503: 'Service Unavailable'>
2026-04-30T16:20:24+00:00	search	"""HER3"" ""antibody drug conjugate"" page=4"	<HTTPError 503: 'Service Unavailable'>
2026-04-30T16:20:24+00:00	search	"""HER3"" ADC page=0"	<HTTPError 503: 'Service Unavailable'>
2026-04-30T16:20:24+00:00	search	"""HER3"" ADC page=1"	<HTTPError 503: 'Service Unavailable'>
2026-04-30T16:20:25+00:00	search	"""HER3"" ADC page=2"	<HTTPError 503: 'Service Unavailable'>
2026-04-30T16:20:25+00:00	search	"""HER3"" ADC page=3"	<HTTPError 503: 'Service Unavailable'>
2026-04-30T16:20:26+00:00	search	"""HER3"" ADC page=4"	<HTTPError 503: 'Service Unavailable'>
2026-04-30T16:20:26+00:00	search	"""FRa"" ""antibody drug conjugate"" page=0"	<HTTPError 503: 'Service Unavailable'>
2026-04-30T16:20:26+00:00	search	"""FRa"" ""antibody drug conjugate"" page=1"	<HTTPError 503: 'Service Unavailable'>
2026-04-30T16:20:26+00:00	search	"""FRa"" ""antibody drug conjugate"" page=2"	<HTTPError 503: 'Service Unavailable'>
2026-04-30T16:20:27+00:00	search	"""FRa"" ""antibody drug conjugate"" page=3"	<HTTPError 503: 'Service Unavailable'>
2026-04-30T16:20:27+00:00	search	"""FRa"" ""antibody drug conjugate"" page=4"	<HTTPError 503: 'Service Unavailable'>
2026-04-30T16:20:28+00:00	search	"""FRa"" ADC page=0"	<HTTPError 503: 'Service Unavailable'>
2026-04-30T16:20:28+00:00	search	"""FRa"" ADC page=1"	<HTTPError 503: 'Service Unavailable'>
2026-04-30T16:20:28+00:00	search	"""FRa"" ADC page=2"	<HTTPError 503: 'Service Unavailable'>
2026-04-30T16:20:29+00:00	search	"""FRa"" ADC page=3"	<HTTPError 503: 'Service Unavailable'>
2026-04-30T16:20:29+00:00	search	"""FRa"" ADC page=4"	<HTTPError 503: 'Service Unavailable'>
2026-04-30T16:20:30+00:00	search	"""CD30"" ""antibody drug conjugate"" page=0"	<HTTPError 503: 'Service Unavailable'>
2026-04-30T16:20:30+00:00	search	"""CD30"" ""antibody drug conjugate"" page=1"	<HTTPError 503: 'Service Unavailable'>
2026-04-30T16:20:30+00:00	search	"""CD30"" ""antibody drug conjugate"" page=2"	<HTTPError 503: 'Service Unavailable'>
2026-04-30T16:20:31+00:00	search	"""CD30"" ""antibody drug conjugate"" page=3"	<HTTPError 503: 'Service Unavailable'>
2026-04-30T16:20:31+00:00	search	"""CD30"" ""antibody drug conjugate"" page=4"	<HTTPError 503: 'Service Unavailable'>
2026-04-30T16:20:32+00:00	search	"""CD30"" ADC page=0"	<HTTPError 503: 'Service Unavailable'>
2026-04-30T16:20:32+00:00	search	"""CD30"" ADC page=1"	<HTTPError 503: 'Service Unavailable'>
2026-04-30T16:20:32+00:00	search	"""CD30"" ADC page=2"	<HTTPError 503: 'Service Unavailable'>
2026-04-30T16:20:33+00:00	search	"""CD30"" ADC page=3"	<HTTPError 503: 'Service Unavailable'>
2026-04-30T16:20:33+00:00	search	"""CD30"" ADC page=4"	<HTTPError 503: 'Service Unavailable'>
2026-04-30T16:20:34+00:00	search	"""CD33"" ""antibody drug conjugate"" page=0"	<HTTPError 503: 'Service Unavailable'>
2026-04-30T16:20:34+00:00	search	"""CD33"" ""antibody drug conjugate"" page=1"	<HTTPError 503: 'Service Unavailable'>
2026-04-30T16:20:34+00:00	search	"""CD33"" ""antibody drug conjugate"" page=2"	<HTTPError 503: 'Service Unavailable'>
2026-04-30T16:20:35+00:00	search	"""CD33"" ""antibody drug conjugate"" page=3"	<HTTPError 503: 'Service Unavailable'>
2026-04-30T16:20:35+00:00	search	"""CD33"" ""antibody drug conjugate"" page=4"	<HTTPError 503: 'Service Unavailable'>
2026-04-30T16:20:35+00:00	search	"""CD33"" ADC page=0"	<HTTPError 503: 'Service Unavailable'>
2026-04-30T16:20:36+00:00	search	"""CD33"" ADC page=1"	<HTTPError 503: 'Service Unavailable'>
2026-04-30T16:20:36+00:00	search	"""CD33"" ADC page=2"	<HTTPError 503: 'Service Unavailable'>
2026-04-30T16:20:36+00:00	search	"""CD33"" ADC page=3"	<HTTPError 503: 'Service Unavailable'>
2026-04-30T16:20:37+00:00	search	"""CD33"" ADC page=4"	<HTTPError 503: 'Service Unavailable'>
2026-04-30T16:20:37+00:00	search	"""CD22"" ""antibody drug conjugate"" page=0"	<HTTPError 503: 'Service Unavailable'>
2026-04-30T16:20:38+00:00	search	"""CD22"" ""antibody drug conjugate"" page=1"	<HTTPError 503: 'Service Unavailable'>
2026-04-30T16:20:38+00:00	search	"""CD22"" ""antibody drug conjugate"" page=2"	<HTTPError 503: 'Service Unavailable'>
2026-04-30T16:20:38+00:00	search	"""CD22"" ""antibody drug conjugate"" page=3"	<HTTPError 503: 'Service Unavailable'>
2026-04-30T16:20:39+00:00	search	"""CD22"" ""antibody drug conjugate"" page=4"	<HTTPError 503: 'Service Unavailable'>
2026-04-30T16:20:39+00:00	search	"""CD22"" ADC page=0"	<HTTPError 503: 'Service Unavailable'>
2026-04-30T16:20:39+00:00	search	"""CD22"" ADC page=1"	<HTTPError 503: 'Service Unavailable'>
2026-04-30T16:20:40+00:00	search	"""CD22"" ADC page=2"	<HTTPError 503: 'Service Unavailable'>
2026-04-30T16:20:40+00:00	search	"""CD22"" ADC page=3"	<HTTPError 503: 'Service Unavailable'>
2026-04-30T16:20:41+00:00	search	"""CD22"" ADC page=4"	<HTTPError 503: 'Service Unavailable'>
2026-04-30T16:20:41+00:00	search	"""CD79b"" ""antibody drug conjugate"" page=0"	<HTTPError 503: 'Service Unavailable'>
2026-04-30T16:20:41+00:00	search	"""CD79b"" ""antibody drug conjugate"" page=1"	<HTTPError 503: 'Service Unavailable'>
2026-04-30T16:20:42+00:00	search	"""CD79b"" ""antibody drug conjugate"" page=2"	<HTTPError 503: 'Service Unavailable'>
2026-04-30T16:20:42+00:00	search	"""CD79b"" ""antibody drug conjugate"" page=3"	<HTTPError 503: 'Service Unavailable'>
2026-04-30T16:20:42+00:00	search	"""CD79b"" ""antibody drug conjugate"" page=4"	<HTTPError 503: 'Service Unavailable'>
2026-04-30T16:20:43+00:00	search	"""CD79b"" ADC page=0"	<HTTPError 503: 'Service Unavailable'>
2026-04-30T16:20:43+00:00	search	"""CD79b"" ADC page=1"	<HTTPError 503: 'Service Unavailable'>
2026-04-30T16:20:44+00:00	search	"""CD79b"" ADC page=2"	<HTTPError 503: 'Service Unavailable'>
2026-04-30T16:20:44+00:00	search	"""CD79b"" ADC page=3"	<HTTPError 503: 'Service Unavailable'>
2026-04-30T16:20:44+00:00	search	"""CD79b"" ADC page=4"	<HTTPError 503: 'Service Unavailable'>
2026-04-30T16:20:45+00:00	search	"""Tissue factor"" ""antibody drug conjugate"" page=0"	<HTTPError 503: 'Service Unavailable'>
2026-04-30T16:20:45+00:00	search	"""Tissue factor"" ""antibody drug conjugate"" page=1"	<HTTPError 503: 'Service Unavailable'>
2026-04-30T16:20:46+00:00	search	"""Tissue factor"" ""antibody drug conjugate"" page=2"	<HTTPError 503: 'Service Unavailable'>
2026-04-30T16:20:46+00:00	search	"""Tissue factor"" ""antibody drug conjugate"" page=3"	<HTTPError 503: 'Service Unavailable'>
2026-04-30T16:20:46+00:00	search	"""Tissue factor"" ""antibody drug conjugate"" page=4"	<HTTPError 503: 'Service Unavailable'>
2026-04-30T16:20:47+00:00	search	"""Tissue factor"" ADC page=0"	<HTTPError 503: 'Service Unavailable'>
2026-04-30T16:20:47+00:00	search	"""Tissue factor"" ADC page=1"	<HTTPError 503: 'Service Unavailable'>
2026-04-30T16:20:48+00:00	search	"""Tissue factor"" ADC page=2"	<HTTPError 503: 'Service Unavailable'>
2026-04-30T16:20:48+00:00	search	"""Tissue factor"" ADC page=3"	<HTTPError 503: 'Service Unavailable'>
2026-04-30T16:20:48+00:00	search	"""Tissue factor"" ADC page=4"	<HTTPError 503: 'Service Unavailable'>
2026-04-30T16:20:49+00:00	search	"""CLDN18.2"" ""antibody drug conjugate"" page=0"	<HTTPError 503: 'Service Unavailable'>
2026-04-30T16:20:49+00:00	search	"""CLDN18.2"" ""antibody drug conjugate"" page=1"	<HTTPError 503: 'Service Unavailable'>
2026-04-30T16:20:50+00:00	search	"""CLDN18.2"" ""antibody drug conjugate"" page=2"	<HTTPError 503: 'Service Unavailable'>
2026-04-30T16:20:50+00:00	search	"""CLDN18.2"" ""antibody drug conjugate"" page=3"	<HTTPError 503: 'Service Unavailable'>
2026-04-30T16:20:51+00:00	search	"""CLDN18.2"" ""antibody drug conjugate"" page=4"	<HTTPError 503: 'Service Unavailable'>
2026-04-30T16:20:51+00:00	search	"""CLDN18.2"" ADC page=0"	<HTTPError 503: 'Service Unavailable'>
2026-04-30T16:20:51+00:00	search	"""CLDN18.2"" ADC page=1"	<HTTPError 503: 'Service Unavailable'>
2026-04-30T16:20:52+00:00	search	"""CLDN18.2"" ADC page=2"	<HTTPError 503: 'Service Unavailable'>
2026-04-30T16:20:52+00:00	search	"""CLDN18.2"" ADC page=3"	<HTTPError 503: 'Service Unavailable'>
2026-04-30T16:20:53+00:00	search	"""CLDN18.2"" ADC page=4"	<HTTPError 503: 'Service Unavailable'>
2026-04-30T16:20:53+00:00	search	"""MUC1"" ""antibody drug conjugate"" page=0"	<HTTPError 503: 'Service Unavailable'>
2026-04-30T16:20:53+00:00	search	"""MUC1"" ""antibody drug conjugate"" page=1"	<HTTPError 503: 'Service Unavailable'>
2026-04-30T16:20:54+00:00	search	"""MUC1"" ""antibody drug conjugate"" page=2"	<HTTPError 503: 'Service Unavailable'>
2026-04-30T16:20:54+00:00	search	"""MUC1"" ""antibody drug conjugate"" page=3"	<HTTPError 503: 'Service Unavailable'>
2026-04-30T16:20:55+00:00	search	"""MUC1"" ""antibody drug conjugate"" page=4"	<HTTPError 503: 'Service Unavailable'>
2026-04-30T16:20:55+00:00	search	"""MUC1"" ADC page=0"	<HTTPError 503: 'Service Unavailable'>
2026-04-30T16:20:56+00:00	search	"""MUC1"" ADC page=1"	<HTTPError 503: 'Service Unavailable'>
2026-04-30T16:20:56+00:00	search	"""MUC1"" ADC page=2"	<HTTPError 503: 'Service Unavailable'>
2026-04-30T16:20:57+00:00	search	"""MUC1"" ADC page=3"	<HTTPError 503: 'Service Unavailable'>
2026-04-30T16:20:57+00:00	search	"""MUC1"" ADC page=4"	<HTTPError 503: 'Service Unavailable'>
2026-04-30T16:20:57+00:00	search	"""MUC16"" ""antibody drug conjugate"" page=0"	<HTTPError 503: 'Service Unavailable'>
2026-04-30T16:20:58+00:00	search	"""MUC16"" ""antibody drug conjugate"" page=1"	<HTTPError 503: 'Service Unavailable'>
2026-04-30T16:20:58+00:00	search	"""MUC16"" ""antibody drug conjugate"" page=2"	<HTTPError 503: 'Service Unavailable'>
2026-04-30T16:20:58+00:00	search	"""MUC16"" ""antibody drug conjugate"" page=3"	<HTTPError 503: 'Service Unavailable'>
2026-04-30T16:20:59+00:00	search	"""MUC16"" ""antibody drug conjugate"" page=4"	<HTTPError 503: 'Service Unavailable'>
2026-04-30T16:20:59+00:00	search	"""MUC16"" ADC page=0"	<HTTPError 503: 'Service Unavailable'>
2026-04-30T16:21:00+00:00	search	"""MUC16"" ADC page=1"	<HTTPError 503: 'Service Unavailable'>
2026-04-30T16:21:00+00:00	search	"""MUC16"" ADC page=2"	<HTTPError 503: 'Service Unavailable'>
2026-04-30T16:21:00+00:00	search	"""MUC16"" ADC page=3"	<HTTPError 503: 'Service Unavailable'>
2026-04-30T16:21:01+00:00	search	"""MUC16"" ADC page=4"	<HTTPError 503: 'Service Unavailable'>
2026-04-30T16:21:01+00:00	search	"""MET"" ""antibody drug conjugate"" page=0"	<HTTPError 503: 'Service Unavailable'>
2026-04-30T16:21:02+00:00	search	"""MET"" ""antibody drug conjugate"" page=1"	<HTTPError 503: 'Service Unavailable'>
2026-04-30T16:21:02+00:00	search	"""MET"" ""antibody drug conjugate"" page=2"	<HTTPError 503: 'Service Unavailable'>
2026-04-30T16:21:02+00:00	search	"""MET"" ""antibody drug conjugate"" page=3"	<HTTPError 503: 'Service Unavailable'>
2026-04-30T16:21:03+00:00	search	"""MET"" ""antibody drug conjugate"" page=4"	<HTTPError 503: 'Service Unavailable'>
2026-04-30T16:21:03+00:00	search	"""MET"" ADC page=0"	<HTTPError 503: 'Service Unavailable'>
2026-04-30T16:21:04+00:00	search	"""MET"" ADC page=1"	<HTTPError 503: 'Service Unavailable'>
2026-04-30T16:21:04+00:00	search	"""MET"" ADC page=2"	<HTTPError 503: 'Service Unavailable'>
2026-04-30T16:21:04+00:00	search	"""MET"" ADC page=3"	<HTTPError 503: 'Service Unavailable'>
2026-04-30T16:21:05+00:00	search	"""MET"" ADC page=4"	<HTTPError 503: 'Service Unavailable'>
2026-04-30T16:21:05+00:00	search	"""LIV-1"" ""antibody drug conjugate"" page=0"	<HTTPError 503: 'Service Unavailable'>
2026-04-30T16:21:06+00:00	search	"""LIV-1"" ""antibody drug conjugate"" page=1"	<HTTPError 503: 'Service Unavailable'>
2026-04-30T16:21:06+00:00	search	"""LIV-1"" ""antibody drug conjugate"" page=2"	<HTTPError 503: 'Service Unavailable'>
2026-04-30T16:21:06+00:00	search	"""LIV-1"" ""antibody drug conjugate"" page=3"	<HTTPError 503: 'Service Unavailable'>
2026-04-30T16:21:07+00:00	search	"""LIV-1"" ""antibody drug conjugate"" page=4"	<HTTPError 503: 'Service Unavailable'>
2026-04-30T16:21:07+00:00	search	"""LIV-1"" ADC page=0"	<HTTPError 503: 'Service Unavailable'>
2026-04-30T16:21:08+00:00	search	"""LIV-1"" ADC page=1"	<HTTPError 503: 'Service Unavailable'>
2026-04-30T16:21:08+00:00	search	"""LIV-1"" ADC page=2"	<HTTPError 503: 'Service Unavailable'>
2026-04-30T16:21:08+00:00	search	"""LIV-1"" ADC page=3"	<HTTPError 503: 'Service Unavailable'>
2026-04-30T16:21:09+00:00	search	"""LIV-1"" ADC page=4"	<HTTPError 503: 'Service Unavailable'>
2026-04-30T16:21:09+00:00	search	"""ROR1"" ""antibody drug conjugate"" page=0"	<HTTPError 503: 'Service Unavailable'>
2026-04-30T16:21:10+00:00	search	"""ROR1"" ""antibody drug conjugate"" page=1"	<HTTPError 503: 'Service Unavailable'>
2026-04-30T16:21:10+00:00	search	"""ROR1"" ""antibody drug conjugate"" page=2"	<HTTPError 503: 'Service Unavailable'>
2026-04-30T16:21:10+00:00	search	"""ROR1"" ""antibody drug conjugate"" page=3"	<HTTPError 503: 'Service Unavailable'>
2026-04-30T16:21:11+00:00	search	"""ROR1"" ""antibody drug conjugate"" page=4"	<HTTPError 503: 'Service Unavailable'>
2026-04-30T16:21:11+00:00	search	"""ROR1"" ADC page=0"	<HTTPError 503: 'Service Unavailable'>
2026-04-30T16:21:11+00:00	search	"""ROR1"" ADC page=1"	<HTTPError 503: 'Service Unavailable'>
2026-04-30T16:21:12+00:00	search	"""ROR1"" ADC page=2"	<HTTPError 503: 'Service Unavailable'>
2026-04-30T16:21:12+00:00	search	"""ROR1"" ADC page=3"	<HTTPError 503: 'Service Unavailable'>
2026-04-30T16:21:13+00:00	search	"""ROR1"" ADC page=4"	<HTTPError 503: 'Service Unavailable'>
2026-04-30T16:21:13+00:00	search	"""TWEAKR"" ""antibody drug conjugate"" page=0"	<HTTPError 503: 'Service Unavailable'>
2026-04-30T16:21:13+00:00	search	"""TWEAKR"" ""antibody drug conjugate"" page=1"	<HTTPError 503: 'Service Unavailable'>
2026-04-30T16:21:14+00:00	search	"""TWEAKR"" ""antibody drug conjugate"" page=2"	<HTTPError 503: 'Service Unavailable'>
2026-04-30T16:21:14+00:00	search	"""TWEAKR"" ""antibody drug conjugate"" page=3"	<HTTPError 503: 'Service Unavailable'>
2026-04-30T16:21:15+00:00	search	"""TWEAKR"" ""antibody drug conjugate"" page=4"	<HTTPError 503: 'Service Unavailable'>
2026-04-30T16:21:15+00:00	search	"""TWEAKR"" ADC page=0"	<HTTPError 503: 'Service Unavailable'>
2026-04-30T16:21:15+00:00	search	"""TWEAKR"" ADC page=1"	<HTTPError 503: 'Service Unavailable'>
2026-04-30T16:21:16+00:00	search	"""TWEAKR"" ADC page=2"	<HTTPError 503: 'Service Unavailable'>
2026-04-30T16:21:16+00:00	search	"""TWEAKR"" ADC page=3"	<HTTPError 503: 'Service Unavailable'>
2026-04-30T16:21:17+00:00	search	"""TWEAKR"" ADC page=4"	<HTTPError 503: 'Service Unavailable'>
2026-04-30T16:21:17+00:00	search	"""Fn14"" ""antibody drug conjugate"" page=0"	<HTTPError 503: 'Service Unavailable'>
2026-04-30T16:21:18+00:00	search	"""Fn14"" ""antibody drug conjugate"" page=1"	<HTTPError 503: 'Service Unavailable'>
2026-04-30T16:21:18+00:00	search	"""Fn14"" ""antibody drug conjugate"" page=2"	<HTTPError 503: 'Service Unavailable'>
2026-04-30T16:21:18+00:00	search	"""Fn14"" ""antibody drug conjugate"" page=3"	<HTTPError 503: 'Service Unavailable'>
2026-04-30T16:21:19+00:00	search	"""Fn14"" ""antibody drug conjugate"" page=4"	<HTTPError 503: 'Service Unavailable'>
2026-04-30T16:21:19+00:00	search	"""Fn14"" ADC page=0"	<HTTPError 503: 'Service Unavailable'>
2026-04-30T16:21:19+00:00	search	"""Fn14"" ADC page=1"	<HTTPError 503: 'Service Unavailable'>
2026-04-30T16:21:20+00:00	search	"""Fn14"" ADC page=2"	<HTTPError 503: 'Service Unavailable'>
2026-04-30T16:21:20+00:00	search	"""Fn14"" ADC page=3"	<HTTPError 503: 'Service Unavailable'>
2026-04-30T16:21:21+00:00	search	"""Fn14"" ADC page=4"	<HTTPError 503: 'Service Unavailable'>
2026-04-30T16:21:21+00:00	search	"""TNFRSF12A"" ""antibody drug conjugate"" page=0"	<HTTPError 503: 'Service Unavailable'>
2026-04-30T16:21:21+00:00	search	"""TNFRSF12A"" ""antibody drug conjugate"" page=1"	<HTTPError 503: 'Service Unavailable'>
2026-04-30T16:21:22+00:00	search	"""TNFRSF12A"" ""antibody drug conjugate"" page=2"	<HTTPError 503: 'Service Unavailable'>
2026-04-30T16:21:22+00:00	search	"""TNFRSF12A"" ""antibody drug conjugate"" page=3"	<HTTPError 503: 'Service Unavailable'>
2026-04-30T16:21:23+00:00	search	"""TNFRSF12A"" ""antibody drug conjugate"" page=4"	<HTTPError 503: 'Service Unavailable'>
2026-04-30T16:21:23+00:00	search	"""TNFRSF12A"" ADC page=0"	<HTTPError 503: 'Service Unavailable'>
2026-04-30T16:21:23+00:00	search	"""TNFRSF12A"" ADC page=1"	<HTTPError 503: 'Service Unavailable'>
2026-04-30T16:21:24+00:00	search	"""TNFRSF12A"" ADC page=2"	<HTTPError 503: 'Service Unavailable'>
2026-04-30T16:21:24+00:00	search	"""TNFRSF12A"" ADC page=3"	<HTTPError 503: 'Service Unavailable'>
2026-04-30T16:21:24+00:00	search	"""TNFRSF12A"" ADC page=4"	<HTTPError 503: 'Service Unavailable'>
2026-04-30T16:21:25+00:00	search	"""Seagen"" ""antibody drug conjugate"" page=0"	<HTTPError 503: 'Service Unavailable'>
2026-04-30T16:21:25+00:00	search	"""Seagen"" ""antibody drug conjugate"" page=1"	<HTTPError 503: 'Service Unavailable'>
2026-04-30T16:21:26+00:00	search	"""Seagen"" ""antibody drug conjugate"" page=2"	<HTTPError 503: 'Service Unavailable'>
2026-04-30T16:21:26+00:00	search	"""Seagen"" ""antibody drug conjugate"" page=3"	<HTTPError 503: 'Service Unavailable'>
2026-04-30T16:21:27+00:00	search	"""Seagen"" ""antibody drug conjugate"" page=4"	<HTTPError 503: 'Service Unavailable'>
2026-04-30T16:21:27+00:00	search	"""Seattle Genetics"" ""antibody drug conjugate"" page=0"	<HTTPError 503: 'Service Unavailable'>
2026-04-30T16:21:28+00:00	search	"""Seattle Genetics"" ""antibody drug conjugate"" page=1"	<HTTPError 503: 'Service Unavailable'>
2026-04-30T16:21:28+00:00	search	"""Seattle Genetics"" ""antibody drug conjugate"" page=2"	<HTTPError 503: 'Service Unavailable'>
2026-04-30T16:21:29+00:00	search	"""Seattle Genetics"" ""antibody drug conjugate"" page=3"	<HTTPError 503: 'Service Unavailable'>
2026-04-30T16:21:29+00:00	search	"""Seattle Genetics"" ""antibody drug conjugate"" page=4"	<HTTPError 503: 'Service Unavailable'>
2026-04-30T16:21:29+00:00	search	"""ImmunoGen"" ""antibody drug conjugate"" page=0"	<HTTPError 503: 'Service Unavailable'>
2026-04-30T16:21:30+00:00	search	"""ImmunoGen"" ""antibody drug conjugate"" page=1"	<HTTPError 503: 'Service Unavailable'>
2026-04-30T16:21:30+00:00	search	"""ImmunoGen"" ""antibody drug conjugate"" page=2"	<HTTPError 503: 'Service Unavailable'>
2026-04-30T16:21:31+00:00	search	"""ImmunoGen"" ""antibody drug conjugate"" page=3"	<HTTPError 503: 'Service Unavailable'>
2026-04-30T16:21:31+00:00	search	"""ImmunoGen"" ""antibody drug conjugate"" page=4"	<HTTPError 503: 'Service Unavailable'>
2026-04-30T16:21:31+00:00	search	"""Daiichi Sankyo"" ""antibody drug conjugate"" page=0"	<HTTPError 503: 'Service Unavailable'>
2026-04-30T16:21:32+00:00	search	"""Daiichi Sankyo"" ""antibody drug conjugate"" page=1"	<HTTPError 503: 'Service Unavailable'>
2026-04-30T16:21:32+00:00	search	"""Daiichi Sankyo"" ""antibody drug conjugate"" page=2"	<HTTPError 503: 'Service Unavailable'>
2026-04-30T16:21:33+00:00	search	"""Daiichi Sankyo"" ""antibody drug conjugate"" page=3"	<HTTPError 503: 'Service Unavailable'>
2026-04-30T16:21:33+00:00	search	"""Daiichi Sankyo"" ""antibody drug conjugate"" page=4"	<HTTPError 503: 'Service Unavailable'>
2026-04-30T16:21:33+00:00	search	"""AstraZeneca"" ""antibody drug conjugate"" page=0"	<HTTPError 503: 'Service Unavailable'>
2026-04-30T16:21:34+00:00	search	"""AstraZeneca"" ""antibody drug conjugate"" page=1"	<HTTPError 503: 'Service Unavailable'>
2026-04-30T16:21:34+00:00	search	"""AstraZeneca"" ""antibody drug conjugate"" page=2"	<HTTPError 503: 'Service Unavailable'>
2026-04-30T16:21:35+00:00	search	"""AstraZeneca"" ""antibody drug conjugate"" page=3"	<HTTPError 503: 'Service Unavailable'>
2026-04-30T16:21:35+00:00	search	"""AstraZeneca"" ""antibody drug conjugate"" page=4"	<HTTPError 503: 'Service Unavailable'>
2026-04-30T16:21:35+00:00	search	"""Gilead"" ""antibody drug conjugate"" page=0"	<HTTPError 503: 'Service Unavailable'>
2026-04-30T16:21:36+00:00	search	"""Gilead"" ""antibody drug conjugate"" page=1"	<HTTPError 503: 'Service Unavailable'>
2026-04-30T16:21:36+00:00	search	"""Gilead"" ""antibody drug conjugate"" page=2"	<HTTPError 503: 'Service Unavailable'>
2026-04-30T16:21:37+00:00	search	"""Gilead"" ""antibody drug conjugate"" page=3"	<HTTPError 503: 'Service Unavailable'>
2026-04-30T16:21:37+00:00	search	"""Gilead"" ""antibody drug conjugate"" page=4"	<HTTPError 503: 'Service Unavailable'>
2026-04-30T16:21:37+00:00	search	"""Mersana"" ""antibody drug conjugate"" page=0"	<HTTPError 503: 'Service Unavailable'>
2026-04-30T16:21:38+00:00	search	"""Mersana"" ""antibody drug conjugate"" page=1"	<HTTPError 503: 'Service Unavailable'>
2026-04-30T16:21:38+00:00	search	"""Mersana"" ""antibody drug conjugate"" page=2"	<HTTPError 503: 'Service Unavailable'>
2026-04-30T16:21:38+00:00	search	"""Mersana"" ""antibody drug conjugate"" page=3"	<HTTPError 503: 'Service Unavailable'>
2026-04-30T16:21:39+00:00	search	"""Mersana"" ""antibody drug conjugate"" page=4"	<HTTPError 503: 'Service Unavailable'>
2026-04-30T16:21:39+00:00	search	"""Sutro"" ""antibody drug conjugate"" page=0"	<HTTPError 503: 'Service Unavailable'>
2026-04-30T16:21:40+00:00	search	"""Sutro"" ""antibody drug conjugate"" page=1"	<HTTPError 503: 'Service Unavailable'>
2026-04-30T16:21:40+00:00	search	"""Sutro"" ""antibody drug conjugate"" page=2"	<HTTPError 503: 'Service Unavailable'>
2026-04-30T16:21:40+00:00	search	"""Sutro"" ""antibody drug conjugate"" page=3"	<HTTPError 503: 'Service Unavailable'>
2026-04-30T16:21:41+00:00	search	"""Sutro"" ""antibody drug conjugate"" page=4"	<HTTPError 503: 'Service Unavailable'>
2026-04-30T16:21:41+00:00	search	"""ProfoundBio"" ""antibody drug conjugate"" page=0"	<HTTPError 503: 'Service Unavailable'>
2026-04-30T16:21:42+00:00	search	"""ProfoundBio"" ""antibody drug conjugate"" page=1"	<HTTPError 503: 'Service Unavailable'>
2026-04-30T16:21:42+00:00	search	"""ProfoundBio"" ""antibody drug conjugate"" page=2"	<HTTPError 503: 'Service Unavailable'>
2026-04-30T16:21:42+00:00	search	"""ProfoundBio"" ""antibody drug conjugate"" page=3"	<HTTPError 503: 'Service Unavailable'>
2026-04-30T16:21:43+00:00	search	"""ProfoundBio"" ""antibody drug conjugate"" page=4"	<HTTPError 503: 'Service Unavailable'>
2026-04-30T16:21:43+00:00	search	"""DualityBio"" ""antibody drug conjugate"" page=0"	<HTTPError 503: 'Service Unavailable'>
2026-04-30T16:21:44+00:00	search	"""DualityBio"" ""antibody drug conjugate"" page=1"	<HTTPError 503: 'Service Unavailable'>
2026-04-30T16:21:44+00:00	search	"""DualityBio"" ""antibody drug conjugate"" page=2"	<HTTPError 503: 'Service Unavailable'>
2026-04-30T16:21:44+00:00	search	"""DualityBio"" ""antibody drug conjugate"" page=3"	<HTTPError 503: 'Service Unavailable'>
2026-04-30T16:21:45+00:00	search	"""DualityBio"" ""antibody drug conjugate"" page=4"	<HTTPError 503: 'Service Unavailable'>
2026-04-30T16:21:45+00:00	search	"""Kelun"" ""antibody drug conjugate"" page=0"	<HTTPError 503: 'Service Unavailable'>
2026-04-30T16:21:46+00:00	search	"""Kelun"" ""antibody drug conjugate"" page=1"	<HTTPError 503: 'Service Unavailable'>
2026-04-30T16:21:46+00:00	search	"""Kelun"" ""antibody drug conjugate"" page=2"	<HTTPError 503: 'Service Unavailable'>
2026-04-30T16:21:46+00:00	search	"""Kelun"" ""antibody drug conjugate"" page=3"	<HTTPError 503: 'Service Unavailable'>
2026-04-30T16:21:47+00:00	search	"""Kelun"" ""antibody drug conjugate"" page=4"	<HTTPError 503: 'Service Unavailable'>
2026-04-30T16:21:47+00:00	search	"""LegoChem"" ""antibody drug conjugate"" page=0"	<HTTPError 503: 'Service Unavailable'>
2026-04-30T16:21:48+00:00	search	"""LegoChem"" ""antibody drug conjugate"" page=1"	<HTTPError 503: 'Service Unavailable'>
2026-04-30T16:21:48+00:00	search	"""LegoChem"" ""antibody drug conjugate"" page=2"	<HTTPError 503: 'Service Unavailable'>
2026-04-30T16:21:49+00:00	search	"""LegoChem"" ""antibody drug conjugate"" page=3"	<HTTPError 503: 'Service Unavailable'>
2026-04-30T16:21:49+00:00	search	"""LegoChem"" ""antibody drug conjugate"" page=4"	<HTTPError 503: 'Service Unavailable'>
2026-04-30T16:21:49+00:00	search	"""ADC Therapeutics"" ""antibody drug conjugate"" page=0"	<HTTPError 503: 'Service Unavailable'>
2026-04-30T16:21:50+00:00	search	"""ADC Therapeutics"" ""antibody drug conjugate"" page=1"	<HTTPError 503: 'Service Unavailable'>
2026-04-30T16:21:50+00:00	search	"""ADC Therapeutics"" ""antibody drug conjugate"" page=2"	<HTTPError 503: 'Service Unavailable'>
2026-04-30T16:21:50+00:00	search	"""ADC Therapeutics"" ""antibody drug conjugate"" page=3"	<HTTPError 503: 'Service Unavailable'>
2026-04-30T16:21:51+00:00	search	"""ADC Therapeutics"" ""antibody drug conjugate"" page=4"	<HTTPError 503: 'Service Unavailable'>
2026-04-30T16:21:51+00:00	search	"""Ambrx"" ""antibody drug conjugate"" page=0"	<HTTPError 503: 'Service Unavailable'>
2026-04-30T16:21:52+00:00	search	"""Ambrx"" ""antibody drug conjugate"" page=1"	<HTTPError 503: 'Service Unavailable'>
2026-04-30T16:21:52+00:00	search	"""Ambrx"" ""antibody drug conjugate"" page=2"	<HTTPError 503: 'Service Unavailable'>
2026-04-30T16:21:52+00:00	search	"""Ambrx"" ""antibody drug conjugate"" page=3"	<HTTPError 503: 'Service Unavailable'>
2026-04-30T16:21:53+00:00	search	"""Ambrx"" ""antibody drug conjugate"" page=4"	<HTTPError 503: 'Service Unavailable'>
2026-04-30T16:21:53+00:00	search	"""Synaffix"" ""antibody drug conjugate"" page=0"	<HTTPError 503: 'Service Unavailable'>
2026-04-30T16:21:53+00:00	search	"""Synaffix"" ""antibody drug conjugate"" page=1"	<HTTPError 503: 'Service Unavailable'>
2026-04-30T16:21:54+00:00	search	"""Synaffix"" ""antibody drug conjugate"" page=2"	<HTTPError 503: 'Service Unavailable'>
2026-04-30T16:21:54+00:00	search	"""Synaffix"" ""antibody drug conjugate"" page=3"	<HTTPError 503: 'Service Unavailable'>
2026-04-30T16:21:55+00:00	search	"""Synaffix"" ""antibody drug conjugate"" page=4"	<HTTPError 503: 'Service Unavailable'>
2026-04-30T16:21:55+00:00	search	"""Byondis"" ""antibody drug conjugate"" page=0"	<HTTPError 503: 'Service Unavailable'>
2026-04-30T16:21:55+00:00	search	"""Byondis"" ""antibody drug conjugate"" page=1"	<HTTPError 503: 'Service Unavailable'>
2026-04-30T16:21:56+00:00	search	"""Byondis"" ""antibody drug conjugate"" page=2"	<HTTPError 503: 'Service Unavailable'>
2026-04-30T16:21:56+00:00	search	"""Byondis"" ""antibody drug conjugate"" page=3"	<HTTPError 503: 'Service Unavailable'>
2026-04-30T16:21:56+00:00	search	"""Byondis"" ""antibody drug conjugate"" page=4"	<HTTPError 503: 'Service Unavailable'>
2026-04-30T16:21:57+00:00	search	"""Tubulis"" ""antibody drug conjugate"" page=0"	<HTTPError 503: 'Service Unavailable'>
2026-04-30T16:21:57+00:00	search	"""Tubulis"" ""antibody drug conjugate"" page=1"	<HTTPError 503: 'Service Unavailable'>
2026-04-30T16:21:58+00:00	search	"""Tubulis"" ""antibody drug conjugate"" page=2"	<HTTPError 503: 'Service Unavailable'>
2026-04-30T16:21:58+00:00	search	"""Tubulis"" ""antibody drug conjugate"" page=3"	<HTTPError 503: 'Service Unavailable'>
2026-04-30T16:21:59+00:00	search	"""Tubulis"" ""antibody drug conjugate"" page=4"	<HTTPError 503: 'Service Unavailable'>
2026-04-30T16:21:59+00:00	search	"""BioNTech ADC"" ""antibody drug conjugate"" page=0"	<HTTPError 503: 'Service Unavailable'>
2026-04-30T16:22:00+00:00	search	"""BioNTech ADC"" ""antibody drug conjugate"" page=1"	<HTTPError 503: 'Service Unavailable'>
2026-04-30T16:22:00+00:00	search	"""BioNTech ADC"" ""antibody drug conjugate"" page=2"	<HTTPError 503: 'Service Unavailable'>
2026-04-30T16:22:00+00:00	search	"""BioNTech ADC"" ""antibody drug conjugate"" page=3"	<HTTPError 503: 'Service Unavailable'>
2026-04-30T16:22:01+00:00	search	"""BioNTech ADC"" ""antibody drug conjugate"" page=4"	<HTTPError 503: 'Service Unavailable'>
2026-04-30T16:22:01+00:00	search	"""RemeGen"" ""antibody drug conjugate"" page=0"	<HTTPError 503: 'Service Unavailable'>
2026-04-30T16:22:01+00:00	search	"""RemeGen"" ""antibody drug conjugate"" page=1"	<HTTPError 503: 'Service Unavailable'>
2026-04-30T16:22:02+00:00	search	"""RemeGen"" ""antibody drug conjugate"" page=2"	<HTTPError 503: 'Service Unavailable'>
2026-04-30T16:22:02+00:00	search	"""RemeGen"" ""antibody drug conjugate"" page=3"	<HTTPError 503: 'Service Unavailable'>
2026-04-30T16:22:03+00:00	search	"""RemeGen"" ""antibody drug conjugate"" page=4"	<HTTPError 503: 'Service Unavailable'>
2026-04-30T16:22:03+00:00	search	"""Hansoh"" ""antibody drug conjugate"" page=0"	<HTTPError 503: 'Service Unavailable'>
2026-04-30T16:22:03+00:00	search	"""Hansoh"" ""antibody drug conjugate"" page=1"	<HTTPError 503: 'Service Unavailable'>
2026-04-30T16:22:04+00:00	search	"""Hansoh"" ""antibody drug conjugate"" page=2"	<HTTPError 503: 'Service Unavailable'>
2026-04-30T16:22:04+00:00	search	"""Hansoh"" ""antibody drug conjugate"" page=3"	<HTTPError 503: 'Service Unavailable'>
2026-04-30T16:22:05+00:00	search	"""Hansoh"" ""antibody drug conjugate"" page=4"	<HTTPError 503: 'Service Unavailable'>
2026-04-30T16:22:05+00:00	search	"""BeiGene ADC"" ""antibody drug conjugate"" page=0"	<HTTPError 503: 'Service Unavailable'>
2026-04-30T16:22:05+00:00	search	"""BeiGene ADC"" ""antibody drug conjugate"" page=1"	<HTTPError 503: 'Service Unavailable'>
2026-04-30T16:22:06+00:00	search	"""BeiGene ADC"" ""antibody drug conjugate"" page=2"	<HTTPError 503: 'Service Unavailable'>
2026-04-30T16:22:06+00:00	search	"""BeiGene ADC"" ""antibody drug conjugate"" page=3"	<HTTPError 503: 'Service Unavailable'>
2026-04-30T16:22:07+00:00	search	"""BeiGene ADC"" ""antibody drug conjugate"" page=4"	<HTTPError 503: 'Service Unavailable'>
2026-04-30T16:22:07+00:00	search	"""MMAE"" ""antibody drug conjugate"" page=0"	<HTTPError 503: 'Service Unavailable'>
2026-04-30T16:22:08+00:00	search	"""MMAE"" ""antibody drug conjugate"" page=1"	<HTTPError 503: 'Service Unavailable'>
2026-04-30T16:22:08+00:00	search	"""MMAE"" ""antibody drug conjugate"" page=2"	<HTTPError 503: 'Service Unavailable'>
2026-04-30T16:22:08+00:00	search	"""MMAE"" ""antibody drug conjugate"" page=3"	<HTTPError 503: 'Service Unavailable'>
2026-04-30T16:22:09+00:00	search	"""MMAE"" ""antibody drug conjugate"" page=4"	<HTTPError 503: 'Service Unavailable'>
2026-04-30T16:22:09+00:00	search	"""MMAF"" ""antibody drug conjugate"" page=0"	<HTTPError 503: 'Service Unavailable'>
2026-04-30T16:22:09+00:00	search	"""MMAF"" ""antibody drug conjugate"" page=1"	<HTTPError 503: 'Service Unavailable'>
2026-04-30T16:22:10+00:00	search	"""MMAF"" ""antibody drug conjugate"" page=2"	<HTTPError 503: 'Service Unavailable'>
2026-04-30T16:22:10+00:00	search	"""MMAF"" ""antibody drug conjugate"" page=3"	<HTTPError 503: 'Service Unavailable'>
2026-04-30T16:22:10+00:00	search	"""MMAF"" ""antibody drug conjugate"" page=4"	<HTTPError 503: 'Service Unavailable'>
2026-04-30T16:22:11+00:00	search	"""auristatin"" ""antibody drug conjugate"" page=0"	<HTTPError 503: 'Service Unavailable'>
2026-04-30T16:22:11+00:00	search	"""auristatin"" ""antibody drug conjugate"" page=1"	<HTTPError 503: 'Service Unavailable'>
2026-04-30T16:22:11+00:00	search	"""auristatin"" ""antibody drug conjugate"" page=2"	<HTTPError 503: 'Service Unavailable'>
2026-04-30T16:22:12+00:00	search	"""auristatin"" ""antibody drug conjugate"" page=3"	<HTTPError 503: 'Service Unavailable'>
2026-04-30T16:22:12+00:00	search	"""auristatin"" ""antibody drug conjugate"" page=4"	<HTTPError 503: 'Service Unavailable'>
2026-04-30T16:22:13+00:00	search	"""maytansinoid"" ""antibody drug conjugate"" page=0"	<HTTPError 503: 'Service Unavailable'>
2026-04-30T16:22:13+00:00	search	"""maytansinoid"" ""antibody drug conjugate"" page=1"	<HTTPError 503: 'Service Unavailable'>
2026-04-30T16:22:13+00:00	search	"""maytansinoid"" ""antibody drug conjugate"" page=2"	<HTTPError 503: 'Service Unavailable'>
2026-04-30T16:22:14+00:00	search	"""maytansinoid"" ""antibody drug conjugate"" page=3"	<HTTPError 503: 'Service Unavailable'>
2026-04-30T16:22:14+00:00	search	"""maytansinoid"" ""antibody drug conjugate"" page=4"	<HTTPError 503: 'Service Unavailable'>
2026-04-30T16:22:15+00:00	search	"""DM1"" ""antibody drug conjugate"" page=0"	<HTTPError 503: 'Service Unavailable'>
2026-04-30T16:22:15+00:00	search	"""DM1"" ""antibody drug conjugate"" page=1"	<HTTPError 503: 'Service Unavailable'>
2026-04-30T16:22:15+00:00	search	"""DM1"" ""antibody drug conjugate"" page=2"	<HTTPError 503: 'Service Unavailable'>
2026-04-30T16:22:16+00:00	search	"""DM1"" ""antibody drug conjugate"" page=3"	<HTTPError 503: 'Service Unavailable'>
2026-04-30T16:22:16+00:00	search	"""DM1"" ""antibody drug conjugate"" page=4"	<HTTPError 503: 'Service Unavailable'>
2026-04-30T16:22:17+00:00	search	"""DM4"" ""antibody drug conjugate"" page=0"	<HTTPError 503: 'Service Unavailable'>
2026-04-30T16:22:17+00:00	search	"""DM4"" ""antibody drug conjugate"" page=1"	<HTTPError 503: 'Service Unavailable'>
2026-04-30T16:22:17+00:00	search	"""DM4"" ""antibody drug conjugate"" page=2"	<HTTPError 503: 'Service Unavailable'>
2026-04-30T16:22:18+00:00	search	"""DM4"" ""antibody drug conjugate"" page=3"	<HTTPError 503: 'Service Unavailable'>
2026-04-30T16:22:18+00:00	search	"""DM4"" ""antibody drug conjugate"" page=4"	<HTTPError 503: 'Service Unavailable'>
2026-04-30T16:22:18+00:00	search	"""DXd"" ""antibody drug conjugate"" page=0"	<HTTPError 503: 'Service Unavailable'>
2026-04-30T16:22:19+00:00	search	"""DXd"" ""antibody drug conjugate"" page=1"	<HTTPError 503: 'Service Unavailable'>
2026-04-30T16:22:19+00:00	search	"""DXd"" ""antibody drug conjugate"" page=2"	<HTTPError 503: 'Service Unavailable'>
2026-04-30T16:22:20+00:00	search	"""DXd"" ""antibody drug conjugate"" page=3"	<HTTPError 503: 'Service Unavailable'>
2026-04-30T16:22:20+00:00	search	"""DXd"" ""antibody drug conjugate"" page=4"	<HTTPError 503: 'Service Unavailable'>
2026-04-30T16:22:21+00:00	search	"""exatecan"" ""antibody drug conjugate"" page=0"	<HTTPError 503: 'Service Unavailable'>
2026-04-30T16:22:21+00:00	search	"""exatecan"" ""antibody drug conjugate"" page=1"	<HTTPError 503: 'Service Unavailable'>
2026-04-30T16:22:21+00:00	search	"""exatecan"" ""antibody drug conjugate"" page=2"	<HTTPError 503: 'Service Unavailable'>
2026-04-30T16:22:22+00:00	search	"""exatecan"" ""antibody drug conjugate"" page=3"	<HTTPError 503: 'Service Unavailable'>
2026-04-30T16:22:22+00:00	search	"""exatecan"" ""antibody drug conjugate"" page=4"	<HTTPError 503: 'Service Unavailable'>
2026-04-30T16:22:22+00:00	search	"""camptothecin"" ""antibody drug conjugate"" page=0"	<HTTPError 503: 'Service Unavailable'>
2026-04-30T16:22:23+00:00	search	"""camptothecin"" ""antibody drug conjugate"" page=1"	<HTTPError 503: 'Service Unavailable'>
2026-04-30T16:22:23+00:00	search	"""camptothecin"" ""antibody drug conjugate"" page=2"	<HTTPError 503: 'Service Unavailable'>
2026-04-30T16:22:23+00:00	search	"""camptothecin"" ""antibody drug conjugate"" page=3"	<HTTPError 503: 'Service Unavailable'>
2026-04-30T16:22:24+00:00	search	"""camptothecin"" ""antibody drug conjugate"" page=4"	<HTTPError 503: 'Service Unavailable'>
2026-04-30T16:22:24+00:00	search	"""topoisomerase I inhibitor"" ""antibody drug conjugate"" page=0"	<HTTPError 503: 'Service Unavailable'>
2026-04-30T16:22:25+00:00	search	"""topoisomerase I inhibitor"" ""antibody drug conjugate"" page=1"	<HTTPError 503: 'Service Unavailable'>
2026-04-30T16:22:25+00:00	search	"""topoisomerase I inhibitor"" ""antibody drug conjugate"" page=2"	<HTTPError 503: 'Service Unavailable'>
2026-04-30T16:22:25+00:00	search	"""topoisomerase I inhibitor"" ""antibody drug conjugate"" page=3"	<HTTPError 503: 'Service Unavailable'>
2026-04-30T16:22:26+00:00	search	"""topoisomerase I inhibitor"" ""antibody drug conjugate"" page=4"	<HTTPError 503: 'Service Unavailable'>
2026-04-30T16:22:26+00:00	search	"""PBD"" ""antibody drug conjugate"" page=0"	<HTTPError 503: 'Service Unavailable'>
2026-04-30T16:22:27+00:00	search	"""PBD"" ""antibody drug conjugate"" page=1"	<HTTPError 503: 'Service Unavailable'>
2026-04-30T16:22:27+00:00	search	"""PBD"" ""antibody drug conjugate"" page=2"	<HTTPError 503: 'Service Unavailable'>
2026-04-30T16:22:27+00:00	search	"""PBD"" ""antibody drug conjugate"" page=3"	<HTTPError 503: 'Service Unavailable'>
2026-04-30T16:22:27+00:00	search	"""PBD"" ""antibody drug conjugate"" page=4"	<HTTPError 503: 'Service Unavailable'>
2026-04-30T16:22:28+00:00	search	"""duocarmycin"" ""antibody drug conjugate"" page=0"	<HTTPError 503: 'Service Unavailable'>
2026-04-30T16:22:28+00:00	search	"""duocarmycin"" ""antibody drug conjugate"" page=1"	<HTTPError 503: 'Service Unavailable'>
2026-04-30T16:22:29+00:00	search	"""duocarmycin"" ""antibody drug conjugate"" page=2"	<HTTPError 503: 'Service Unavailable'>
2026-04-30T16:22:29+00:00	search	"""duocarmycin"" ""antibody drug conjugate"" page=3"	<HTTPError 503: 'Service Unavailable'>
2026-04-30T16:22:29+00:00	search	"""duocarmycin"" ""antibody drug conjugate"" page=4"	<HTTPError 503: 'Service Unavailable'>
2026-04-30T16:22:30+00:00	search	"""amanitin"" ""antibody drug conjugate"" page=0"	<HTTPError 503: 'Service Unavailable'>
2026-04-30T16:22:30+00:00	search	"""amanitin"" ""antibody drug conjugate"" page=1"	<HTTPError 503: 'Service Unavailable'>
2026-04-30T16:22:31+00:00	search	"""amanitin"" ""antibody drug conjugate"" page=2"	<HTTPError 503: 'Service Unavailable'>
2026-04-30T16:22:31+00:00	search	"""amanitin"" ""antibody drug conjugate"" page=3"	<HTTPError 503: 'Service Unavailable'>
2026-04-30T16:22:32+00:00	search	"""amanitin"" ""antibody drug conjugate"" page=4"	<HTTPError 503: 'Service Unavailable'>
2026-04-30T16:22:32+00:00	search	"""calicheamicin"" ""antibody drug conjugate"" page=0"	<HTTPError 503: 'Service Unavailable'>
2026-04-30T16:22:32+00:00	search	"""calicheamicin"" ""antibody drug conjugate"" page=1"	<HTTPError 503: 'Service Unavailable'>
2026-04-30T16:22:33+00:00	search	"""calicheamicin"" ""antibody drug conjugate"" page=2"	<HTTPError 503: 'Service Unavailable'>
2026-04-30T16:22:33+00:00	search	"""calicheamicin"" ""antibody drug conjugate"" page=3"	<HTTPError 503: 'Service Unavailable'>
2026-04-30T16:22:33+00:00	search	"""calicheamicin"" ""antibody drug conjugate"" page=4"	<HTTPError 503: 'Service Unavailable'>
2026-04-30T16:34:12+00:00	search	"""antibody drug conjugate"" page=0"	<HTTPError 503: 'Service Unavailable'>
2026-04-30T16:34:52+00:00	search	"""antibody drug conjugate"" page=1"	<HTTPError 503: 'Service Unavailable'>
2026-04-30T16:43:41+00:00	search	"""antibody drug conjugate"" page=0"	<HTTPError 503: 'Service Unavailable'>
2026-04-30T16:43:42+00:00	search	"""antibody drug conjugate"" page=1"	<HTTPError 503: 'Service Unavailable'>
2026-04-30T16:43:42+00:00	search	"""antibody drug conjugate"" page=2"	<HTTPError 503: 'Service Unavailable'>
2026-04-30T16:43:42+00:00	search	"""antibody drug conjugate"" page=3"	<HTTPError 503: 'Service Unavailable'>
2026-04-30T16:43:43+00:00	search	"""antibody drug conjugate"" page=4"	<HTTPError 503: 'Service Unavailable'>
2026-04-30T16:43:43+00:00	search	"""antibody drug conjugate"" page=5"	<HTTPError 503: 'Service Unavailable'>
2026-04-30T16:43:44+00:00	search	"""antibody drug conjugate"" page=6"	<HTTPError 503: 'Service Unavailable'>
2026-04-30T16:43:44+00:00	search	"""antibody drug conjugate"" page=7"	<HTTPError 503: 'Service Unavailable'>
2026-04-30T16:43:45+00:00	search	"""antibody drug conjugate"" page=8"	<HTTPError 503: 'Service Unavailable'>
2026-04-30T16:43:45+00:00	search	"""antibody drug conjugate"" page=9"	<HTTPError 503: 'Service Unavailable'>
2026-04-30T17:43:45+00:00	search	"""antibody drug conjugate"" page=0"	<HTTPError 503: 'Service Unavailable'>
2026-04-30T17:43:46+00:00	search	"""antibody drug conjugate"" page=1"	<HTTPError 503: 'Service Unavailable'>
2026-04-30T17:43:46+00:00	search	"""antibody drug conjugate"" page=2"	<HTTPError 503: 'Service Unavailable'>
2026-04-30T17:43:47+00:00	search	"""antibody drug conjugate"" page=3"	<HTTPError 503: 'Service Unavailable'>
2026-04-30T17:43:47+00:00	search	"""antibody drug conjugate"" page=4"	<HTTPError 503: 'Service Unavailable'>
2026-04-30T17:43:48+00:00	search	"""antibody drug conjugate"" page=5"	<HTTPError 503: 'Service Unavailable'>
2026-04-30T17:43:48+00:00	search	"""antibody drug conjugate"" page=6"	<HTTPError 503: 'Service Unavailable'>
2026-04-30T17:43:48+00:00	search	"""antibody drug conjugate"" page=7"	<HTTPError 503: 'Service Unavailable'>
2026-04-30T17:43:49+00:00	search	"""antibody drug conjugate"" page=8"	<HTTPError 503: 'Service Unavailable'>
2026-04-30T17:43:49+00:00	search	"""antibody drug conjugate"" page=9"	<HTTPError 503: 'Service Unavailable'>
2026-04-30T18:43:50+00:00	search	"""antibody drug conjugate"" page=0"	<HTTPError 503: 'Service Unavailable'>
2026-04-30T18:43:50+00:00	search	"""antibody drug conjugate"" page=1"	<HTTPError 503: 'Service Unavailable'>
2026-04-30T18:43:51+00:00	search	"""antibody drug conjugate"" page=2"	<HTTPError 503: 'Service Unavailable'>
2026-04-30T18:43:51+00:00	search	"""antibody drug conjugate"" page=3"	<HTTPError 503: 'Service Unavailable'>
2026-04-30T18:43:52+00:00	search	"""antibody drug conjugate"" page=4"	<HTTPError 503: 'Service Unavailable'>
2026-04-30T18:43:52+00:00	search	"""antibody drug conjugate"" page=5"	<HTTPError 503: 'Service Unavailable'>
2026-04-30T18:43:53+00:00	search	"""antibody drug conjugate"" page=6"	<HTTPError 503: 'Service Unavailable'>
2026-04-30T18:43:53+00:00	search	"""antibody drug conjugate"" page=7"	<HTTPError 503: 'Service Unavailable'>
2026-04-30T18:43:53+00:00	search	"""antibody drug conjugate"" page=8"	<HTTPError 503: 'Service Unavailable'>
2026-04-30T18:43:54+00:00	search	"""antibody drug conjugate"" page=9"	<HTTPError 503: 'Service Unavailable'>
2026-05-01T00:45:44+00:00	search	"""antibody drug conjugate"" page=6"	<HTTPError 503: 'Service Unavailable'>
2026-05-01T00:45:44+00:00	search	"""antibody drug conjugate"" page=7"	<HTTPError 503: 'Service Unavailable'>
2026-05-01T00:45:44+00:00	search	"""antibody drug conjugate"" page=8"	<HTTPError 503: 'Service Unavailable'>
2026-05-01T00:45:45+00:00	search	"""antibody drug conjugate"" page=9"	<HTTPError 503: 'Service Unavailable'>
2026-05-01T00:46:04+00:00	search	"""antibody-drug conjugate"" page=0"	<HTTPError 503: 'Service Unavailable'>
2026-05-01T00:46:04+00:00	search	"""antibody-drug conjugate"" page=1"	<HTTPError 503: 'Service Unavailable'>
2026-05-01T00:46:05+00:00	search	"""antibody-drug conjugate"" page=2"	<HTTPError 503: 'Service Unavailable'>
2026-05-01T00:46:05+00:00	search	"""antibody-drug conjugate"" page=3"	<HTTPError 503: 'Service Unavailable'>
2026-05-01T00:46:06+00:00	search	"""antibody-drug conjugate"" page=4"	<HTTPError 503: 'Service Unavailable'>
2026-05-01T00:46:06+00:00	search	"""antibody-drug conjugate"" page=5"	<HTTPError 503: 'Service Unavailable'>
2026-05-01T00:46:06+00:00	search	"""antibody-drug conjugate"" page=6"	<HTTPError 503: 'Service Unavailable'>
2026-05-01T00:46:07+00:00	search	"""antibody-drug conjugate"" page=7"	<HTTPError 503: 'Service Unavailable'>
2026-05-01T00:46:07+00:00	search	"""antibody-drug conjugate"" page=8"	<HTTPError 503: 'Service Unavailable'>
2026-05-01T00:46:07+00:00	search	"""antibody-drug conjugate"" page=9"	<HTTPError 503: 'Service Unavailable'>
2026-05-01T00:49:32+00:00	search	"""antibody drug conjugate"" page=0"	<HTTPError 503: 'Service Unavailable'>
2026-05-01T00:49:32+00:00	search	"""antibody drug conjugate"" page=1"	<HTTPError 503: 'Service Unavailable'>
2026-05-01T00:49:33+00:00	search	"""antibody drug conjugate"" page=2"	<HTTPError 503: 'Service Unavailable'>
2026-05-01T00:49:33+00:00	search	"""antibody drug conjugate"" page=3"	<HTTPError 503: 'Service Unavailable'>
2026-05-01T00:49:34+00:00	search	"""antibody drug conjugate"" page=4"	<HTTPError 503: 'Service Unavailable'>
2026-05-01T00:49:34+00:00	search	"""antibody drug conjugate"" page=5"	<HTTPError 503: 'Service Unavailable'>
2026-05-01T00:49:34+00:00	search	"""antibody drug conjugate"" page=6"	<HTTPError 503: 'Service Unavailable'>
2026-05-01T00:49:35+00:00	search	"""antibody drug conjugate"" page=7"	<HTTPError 503: 'Service Unavailable'>
2026-05-01T00:49:35+00:00	search	"""antibody drug conjugate"" page=8"	<HTTPError 503: 'Service Unavailable'>
2026-05-01T00:49:35+00:00	search	"""antibody drug conjugate"" page=9"	<HTTPError 503: 'Service Unavailable'>
2026-05-01T03:49:36+00:00	search	"""antibody drug conjugate"" page=0"	<HTTPError 503: 'Service Unavailable'>
2026-05-01T03:49:37+00:00	search	"""antibody drug conjugate"" page=1"	<HTTPError 503: 'Service Unavailable'>
2026-05-01T03:49:37+00:00	search	"""antibody drug conjugate"" page=2"	<HTTPError 503: 'Service Unavailable'>
2026-05-01T03:49:38+00:00	search	"""antibody drug conjugate"" page=3"	<HTTPError 503: 'Service Unavailable'>
2026-05-01T03:49:38+00:00	search	"""antibody drug conjugate"" page=4"	<HTTPError 503: 'Service Unavailable'>
2026-05-01T03:49:38+00:00	search	"""antibody drug conjugate"" page=5"	<HTTPError 503: 'Service Unavailable'>
2026-05-01T03:49:39+00:00	search	"""antibody drug conjugate"" page=6"	<HTTPError 503: 'Service Unavailable'>
2026-05-01T03:49:39+00:00	search	"""antibody drug conjugate"" page=7"	<HTTPError 503: 'Service Unavailable'>
2026-05-01T03:49:39+00:00	search	"""antibody drug conjugate"" page=8"	<HTTPError 503: 'Service Unavailable'>
2026-05-01T03:49:40+00:00	search	"""antibody drug conjugate"" page=9"	<HTTPError 503: 'Service Unavailable'>
2026-05-01T06:49:41+00:00	search	"""antibody drug conjugate"" page=0"	<HTTPError 503: 'Service Unavailable'>
2026-05-01T06:49:41+00:00	search	"""antibody drug conjugate"" page=1"	<HTTPError 503: 'Service Unavailable'>
2026-05-01T06:49:41+00:00	search	"""antibody drug conjugate"" page=2"	<HTTPError 503: 'Service Unavailable'>
2026-05-01T06:49:41+00:00	search	"""antibody drug conjugate"" page=3"	<HTTPError 503: 'Service Unavailable'>
2026-05-01T06:49:42+00:00	search	"""antibody drug conjugate"" page=4"	<HTTPError 503: 'Service Unavailable'>
2026-05-01T06:49:42+00:00	search	"""antibody drug conjugate"" page=5"	<HTTPError 503: 'Service Unavailable'>
2026-05-01T06:49:42+00:00	search	"""antibody drug conjugate"" page=6"	<HTTPError 503: 'Service Unavailable'>
2026-05-01T06:49:43+00:00	search	"""antibody drug conjugate"" page=7"	<HTTPError 503: 'Service Unavailable'>
2026-05-01T06:49:43+00:00	search	"""antibody drug conjugate"" page=8"	<HTTPError 503: 'Service Unavailable'>
2026-05-01T06:49:44+00:00	search	"""antibody drug conjugate"" page=9"	<HTTPError 503: 'Service Unavailable'>
2026-05-01T09:49:44+00:00	search	"""antibody drug conjugate"" page=0"	<HTTPError 503: 'Service Unavailable'>
2026-05-01T09:49:44+00:00	search	"""antibody drug conjugate"" page=1"	<HTTPError 503: 'Service Unavailable'>
2026-05-01T09:49:45+00:00	search	"""antibody drug conjugate"" page=2"	<HTTPError 503: 'Service Unavailable'>
2026-05-01T09:49:45+00:00	search	"""antibody drug conjugate"" page=3"	<HTTPError 503: 'Service Unavailable'>
2026-05-01T09:49:45+00:00	search	"""antibody drug conjugate"" page=4"	<HTTPError 503: 'Service Unavailable'>
2026-05-01T09:49:46+00:00	search	"""antibody drug conjugate"" page=5"	<HTTPError 503: 'Service Unavailable'>
2026-05-01T09:49:46+00:00	search	"""antibody drug conjugate"" page=6"	<HTTPError 503: 'Service Unavailable'>
2026-05-01T09:49:46+00:00	search	"""antibody drug conjugate"" page=7"	<HTTPError 503: 'Service Unavailable'>
2026-05-01T09:49:47+00:00	search	"""antibody drug conjugate"" page=8"	<HTTPError 503: 'Service Unavailable'>
2026-05-01T09:49:47+00:00	search	"""antibody drug conjugate"" page=9"	<HTTPError 503: 'Service Unavailable'>
2026-05-01T12:49:48+00:00	search	"""antibody drug conjugate"" page=0"	<HTTPError 503: 'Service Unavailable'>
2026-05-01T12:49:48+00:00	search	"""antibody drug conjugate"" page=1"	<HTTPError 503: 'Service Unavailable'>
2026-05-01T12:49:49+00:00	search	"""antibody drug conjugate"" page=2"	<HTTPError 503: 'Service Unavailable'>
2026-05-01T12:49:49+00:00	search	"""antibody drug conjugate"" page=3"	<HTTPError 503: 'Service Unavailable'>
2026-05-01T12:49:49+00:00	search	"""antibody drug conjugate"" page=4"	<HTTPError 503: 'Service Unavailable'>
2026-05-01T12:49:50+00:00	search	"""antibody drug conjugate"" page=5"	<HTTPError 503: 'Service Unavailable'>
2026-05-01T12:49:50+00:00	search	"""antibody drug conjugate"" page=6"	<HTTPError 503: 'Service Unavailable'>
2026-05-01T12:49:51+00:00	search	"""antibody drug conjugate"" page=7"	<HTTPError 503: 'Service Unavailable'>
2026-05-01T12:49:51+00:00	search	"""antibody drug conjugate"" page=8"	<HTTPError 503: 'Service Unavailable'>
2026-05-01T12:49:51+00:00	search	"""antibody drug conjugate"" page=9"	<HTTPError 503: 'Service Unavailable'>
2026-05-01T15:49:53+00:00	search	"""antibody drug conjugate"" page=0"	<HTTPError 503: 'Service Unavailable'>
2026-05-01T15:49:53+00:00	search	"""antibody drug conjugate"" page=1"	<HTTPError 503: 'Service Unavailable'>
2026-05-01T15:49:53+00:00	search	"""antibody drug conjugate"" page=2"	<HTTPError 503: 'Service Unavailable'>
2026-05-01T15:49:54+00:00	search	"""antibody drug conjugate"" page=3"	<HTTPError 503: 'Service Unavailable'>
2026-05-01T15:49:54+00:00	search	"""antibody drug conjugate"" page=4"	<HTTPError 503: 'Service Unavailable'>
2026-05-01T15:49:55+00:00	search	"""antibody drug conjugate"" page=5"	<HTTPError 503: 'Service Unavailable'>
2026-05-01T15:49:55+00:00	search	"""antibody drug conjugate"" page=6"	<HTTPError 503: 'Service Unavailable'>
2026-05-01T15:49:56+00:00	search	"""antibody drug conjugate"" page=7"	<HTTPError 503: 'Service Unavailable'>
2026-05-01T15:49:56+00:00	search	"""antibody drug conjugate"" page=8"	<HTTPError 503: 'Service Unavailable'>
2026-05-01T15:49:57+00:00	search	"""antibody drug conjugate"" page=9"	<HTTPError 503: 'Service Unavailable'>
2026-05-01T18:49:57+00:00	search	"""antibody drug conjugate"" page=0"	<HTTPError 503: 'Service Unavailable'>
2026-05-01T18:49:58+00:00	search	"""antibody drug conjugate"" page=1"	<HTTPError 503: 'Service Unavailable'>
2026-05-01T18:49:58+00:00	search	"""antibody drug conjugate"" page=2"	<HTTPError 503: 'Service Unavailable'>
2026-05-01T18:49:58+00:00	search	"""antibody drug conjugate"" page=3"	<HTTPError 503: 'Service Unavailable'>
2026-05-01T18:49:58+00:00	search	"""antibody drug conjugate"" page=4"	<HTTPError 503: 'Service Unavailable'>
2026-05-01T18:49:59+00:00	search	"""antibody drug conjugate"" page=5"	<HTTPError 503: 'Service Unavailable'>
2026-05-01T18:49:59+00:00	search	"""antibody drug conjugate"" page=6"	<HTTPError 503: 'Service Unavailable'>
2026-05-01T18:49:59+00:00	search	"""antibody drug conjugate"" page=7"	<HTTPError 503: 'Service Unavailable'>
2026-05-01T18:50:00+00:00	search	"""antibody drug conjugate"" page=8"	<HTTPError 503: 'Service Unavailable'>
2026-05-01T18:50:00+00:00	search	"""antibody drug conjugate"" page=9"	<HTTPError 503: 'Service Unavailable'>
2026-05-03T00:53:10+00:00	search	"""antibody drug conjugate"" page=2"	TimeoutError('The read operation timed out')
2026-05-03T00:53:10+00:00	search	"""antibody drug conjugate"" page=3"	<HTTPError 503: 'Service Unavailable'>
2026-05-03T00:53:11+00:00	search	"""antibody drug conjugate"" page=4"	<HTTPError 503: 'Service Unavailable'>
2026-05-03T00:53:11+00:00	search	"""antibody drug conjugate"" page=5"	<HTTPError 503: 'Service Unavailable'>
2026-05-03T00:53:12+00:00	search	"""antibody drug conjugate"" page=6"	<HTTPError 503: 'Service Unavailable'>
2026-05-03T00:53:12+00:00	search	"""antibody drug conjugate"" page=7"	<HTTPError 503: 'Service Unavailable'>
2026-05-03T00:53:13+00:00	search	"""antibody drug conjugate"" page=8"	<HTTPError 503: 'Service Unavailable'>
2026-05-03T00:53:13+00:00	search	"""antibody drug conjugate"" page=9"	<HTTPError 503: 'Service Unavailable'>
2026-05-03T00:53:20+00:00	search	"""antibody-drug conjugate"" page=0"	<HTTPError 503: 'Service Unavailable'>
2026-05-03T00:53:20+00:00	search	"""antibody-drug conjugate"" page=1"	<HTTPError 503: 'Service Unavailable'>
2026-05-03T00:53:21+00:00	search	"""antibody-drug conjugate"" page=2"	<HTTPError 503: 'Service Unavailable'>
2026-05-03T00:53:21+00:00	search	"""antibody-drug conjugate"" page=3"	<HTTPError 503: 'Service Unavailable'>
2026-05-03T00:53:21+00:00	search	"""antibody-drug conjugate"" page=4"	<HTTPError 503: 'Service Unavailable'>
2026-05-03T00:53:22+00:00	search	"""antibody-drug conjugate"" page=5"	<HTTPError 503: 'Service Unavailable'>
2026-05-03T00:53:22+00:00	search	"""antibody-drug conjugate"" page=6"	<HTTPError 503: 'Service Unavailable'>
2026-05-03T00:53:22+00:00	search	"""antibody-drug conjugate"" page=7"	<HTTPError 503: 'Service Unavailable'>
2026-05-03T00:53:23+00:00	search	"""antibody-drug conjugate"" page=8"	<HTTPError 503: 'Service Unavailable'>
2026-05-03T00:53:23+00:00	search	"""antibody-drug conjugate"" page=9"	<HTTPError 503: 'Service Unavailable'>
2026-05-03T00:57:02+00:00	search	"""antibody drug conjugate"" page=0"	<HTTPError 503: 'Service Unavailable'>
2026-05-03T00:57:03+00:00	search	"""antibody drug conjugate"" page=1"	<HTTPError 503: 'Service Unavailable'>
2026-05-03T00:57:03+00:00	search	"""antibody drug conjugate"" page=2"	<HTTPError 503: 'Service Unavailable'>
2026-05-03T00:57:04+00:00	search	"""antibody drug conjugate"" page=3"	<HTTPError 503: 'Service Unavailable'>
2026-05-03T00:57:04+00:00	search	"""antibody drug conjugate"" page=4"	<HTTPError 503: 'Service Unavailable'>
2026-05-03T00:57:05+00:00	search	"""antibody drug conjugate"" page=5"	<HTTPError 503: 'Service Unavailable'>
2026-05-03T00:57:05+00:00	search	"""antibody drug conjugate"" page=6"	<HTTPError 503: 'Service Unavailable'>
2026-05-03T00:57:06+00:00	search	"""antibody drug conjugate"" page=7"	<HTTPError 503: 'Service Unavailable'>
2026-05-03T00:57:06+00:00	search	"""antibody drug conjugate"" page=8"	<HTTPError 503: 'Service Unavailable'>
2026-05-03T00:57:06+00:00	search	"""antibody drug conjugate"" page=9"	<HTTPError 503: 'Service Unavailable'>
2026-05-03T06:57:07+00:00	search	"""antibody drug conjugate"" page=0"	<HTTPError 503: 'Service Unavailable'>
2026-05-03T06:57:08+00:00	search	"""antibody drug conjugate"" page=1"	<HTTPError 503: 'Service Unavailable'>
2026-05-03T06:57:08+00:00	search	"""antibody drug conjugate"" page=2"	<HTTPError 503: 'Service Unavailable'>
2026-05-03T06:57:09+00:00	search	"""antibody drug conjugate"" page=3"	<HTTPError 503: 'Service Unavailable'>
2026-05-03T06:57:09+00:00	search	"""antibody drug conjugate"" page=4"	<HTTPError 503: 'Service Unavailable'>
2026-05-03T06:57:09+00:00	search	"""antibody drug conjugate"" page=5"	<HTTPError 503: 'Service Unavailable'>
2026-05-03T06:57:10+00:00	search	"""antibody drug conjugate"" page=6"	<HTTPError 503: 'Service Unavailable'>
2026-05-03T06:57:10+00:00	search	"""antibody drug conjugate"" page=7"	<HTTPError 503: 'Service Unavailable'>
2026-05-03T06:57:10+00:00	search	"""antibody drug conjugate"" page=8"	<HTTPError 503: 'Service Unavailable'>
2026-05-03T06:57:11+00:00	search	"""antibody drug conjugate"" page=9"	<HTTPError 503: 'Service Unavailable'>
2026-05-03T12:57:11+00:00	search	"""antibody drug conjugate"" page=0"	<HTTPError 503: 'Service Unavailable'>
2026-05-03T12:57:12+00:00	search	"""antibody drug conjugate"" page=1"	<HTTPError 503: 'Service Unavailable'>
2026-05-03T12:57:12+00:00	search	"""antibody drug conjugate"" page=2"	<HTTPError 503: 'Service Unavailable'>
2026-05-03T12:57:13+00:00	search	"""antibody drug conjugate"" page=3"	<HTTPError 503: 'Service Unavailable'>
2026-05-03T12:57:13+00:00	search	"""antibody drug conjugate"" page=4"	<HTTPError 503: 'Service Unavailable'>
2026-05-03T12:57:13+00:00	search	"""antibody drug conjugate"" page=5"	<HTTPError 503: 'Service Unavailable'>
2026-05-03T12:57:14+00:00	search	"""antibody drug conjugate"" page=6"	<HTTPError 503: 'Service Unavailable'>
2026-05-03T12:57:14+00:00	search	"""antibody drug conjugate"" page=7"	<HTTPError 503: 'Service Unavailable'>
2026-05-03T12:57:15+00:00	search	"""antibody drug conjugate"" page=8"	<HTTPError 503: 'Service Unavailable'>
2026-05-03T12:57:15+00:00	search	"""antibody drug conjugate"" page=9"	<HTTPError 503: 'Service Unavailable'>
2026-05-03T18:57:16+00:00	search	"""antibody drug conjugate"" page=0"	<HTTPError 503: 'Service Unavailable'>
2026-05-03T18:57:16+00:00	search	"""antibody drug conjugate"" page=1"	<HTTPError 503: 'Service Unavailable'>
2026-05-03T18:57:16+00:00	search	"""antibody drug conjugate"" page=2"	<HTTPError 503: 'Service Unavailable'>
2026-05-03T18:57:17+00:00	search	"""antibody drug conjugate"" page=3"	<HTTPError 503: 'Service Unavailable'>
2026-05-03T18:57:17+00:00	search	"""antibody drug conjugate"" page=4"	<HTTPError 503: 'Service Unavailable'>
2026-05-03T18:57:17+00:00	search	"""antibody drug conjugate"" page=5"	<HTTPError 503: 'Service Unavailable'>
2026-05-03T18:57:18+00:00	search	"""antibody drug conjugate"" page=6"	<HTTPError 503: 'Service Unavailable'>
2026-05-03T18:57:18+00:00	search	"""antibody drug conjugate"" page=7"	<HTTPError 503: 'Service Unavailable'>
2026-05-03T18:57:19+00:00	search	"""antibody drug conjugate"" page=8"	<HTTPError 503: 'Service Unavailable'>
2026-05-03T18:57:19+00:00	search	"""antibody drug conjugate"" page=9"	<HTTPError 503: 'Service Unavailable'>
2026-05-04T00:57:21+00:00	search	"""antibody drug conjugate"" page=0"	<HTTPError 503: 'Service Unavailable'>
2026-05-04T00:57:21+00:00	search	"""antibody drug conjugate"" page=1"	<HTTPError 503: 'Service Unavailable'>
2026-05-04T00:57:21+00:00	search	"""antibody drug conjugate"" page=2"	<HTTPError 503: 'Service Unavailable'>
2026-05-04T00:57:22+00:00	search	"""antibody drug conjugate"" page=3"	<HTTPError 503: 'Service Unavailable'>
2026-05-04T00:57:22+00:00	search	"""antibody drug conjugate"" page=4"	<HTTPError 503: 'Service Unavailable'>
2026-05-04T00:57:23+00:00	search	"""antibody drug conjugate"" page=5"	<HTTPError 503: 'Service Unavailable'>
2026-05-04T00:57:23+00:00	search	"""antibody drug conjugate"" page=6"	<HTTPError 503: 'Service Unavailable'>
2026-05-04T00:57:24+00:00	search	"""antibody drug conjugate"" page=7"	<HTTPError 503: 'Service Unavailable'>
2026-05-04T00:57:24+00:00	search	"""antibody drug conjugate"" page=8"	<HTTPError 503: 'Service Unavailable'>
2026-05-04T00:57:24+00:00	search	"""antibody drug conjugate"" page=9"	<HTTPError 503: 'Service Unavailable'>
